feature_name,rank,mean_abs_shap,selected,model_version
industry,1,0.00968896264051515,true,20260905-unknown
reversal_5d_z,2,0.005156335565204055,true,20260905-unknown
amihud_illiq_21d,3,0.0029032895929917693,true,20260905-unknown
amihud_illiq_21d_decile,4,0.0028892443450411,true,20260905-unknown
reversal_5d_decile,5,0.0021631455812076016,false,20260905-unknown
atr_14,6,0.00207316378383423,true,20260905-unknown
amihud_illiq_21d_z,7,0.0020055395201181146,true,20260905-unknown
macd,8,0.0016922819547201858,true,20260905-unknown
price_to_ma_50,9,0.00165955468156773,true,20260905-unknown
market_cap_z,10,0.0014773767686557789,true,20260905-unknown
adv_21d_z,11,0.0014742093301954918,true,20260905-unknown
max_drawdown_252d,12,0.0014691711611548126,true,20260905-unknown
dist_from_52w_high_z,13,0.0014624423748964307,true,20260905-unknown
market_cap_decile,14,0.0014622986695775986,false,20260905-unknown
macd_hist_z,15,0.0011338326969803122,true,20260905-unknown
mom_12_1,16,0.0010729642306630555,true,20260905-unknown
macd_signal,17,0.0010726447726518112,true,20260905-unknown
ret_63d,18,0.0009956495172665743,true,20260905-unknown
month_of_year,19,0.0009567715858852823,true,20260905-unknown
sector,20,0.0009238081154173163,true,20260905-unknown
mom_12_1_z,21,0.0008544230992305338,true,20260905-unknown
stoch_k_14,22,0.0008211755739688019,true,20260905-unknown
days_since_available,23,0.0007944006022045319,true,20260905-unknown
ret_5d,24,0.0007785311155523389,true,20260905-unknown
ebitda_ttm,25,0.0007675774519861055,true,20260905-unknown
adv_21d_decile,26,0.0007629053787815803,false,20260905-unknown
price_to_ma_50_z,27,0.0007609188131805058,true,20260905-unknown
mom_12_1_vs_sector,28,0.0007604731249949767,true,20260905-unknown
max_drawdown_252d_z,29,0.0007266383224817094,true,20260905-unknown
ma_50_over_200,30,0.0007200819234564967,true,20260905-unknown
amihud_illiq_21d_vs_sector,31,0.0006913132138762122,true,20260905-unknown
reversal_5d_vs_sector,32,0.0006912285124482402,true,20260905-unknown
ret_1d,33,0.0006544512567651835,true,20260905-unknown
bollinger_pctb_20,34,0.0005887605232326243,true,20260905-unknown
dist_from_52w_high,35,0.0005723400893130371,true,20260905-unknown
bollinger_pctb_20_z,36,0.0005687956651161308,true,20260905-unknown
vol_63d,37,0.0005546666154950679,true,20260905-unknown
parkinson_vol_21d,38,0.00055132846943848,true,20260905-unknown
bollinger_width_20,39,0.0005283402015796815,true,20260905-unknown
ret_252d,40,0.0005238843721842875,true,20260905-unknown
ret_21d,41,0.0005115673738577511,true,20260905-unknown
reversal_5d,42,0.000455081322643411,false,20260905-unknown
sharpe_63d,43,0.0004505328232470105,false,20260905-unknown
atr_pct,44,0.00039824186892160033,true,20260905-unknown
dist_from_52w_low,45,0.0003942588021261315,true,20260905-unknown
dist_from_52w_high_vs_sector,46,0.00038102173551926913,false,20260905-unknown
macd_hist_decile,47,0.0003704025423319073,false,20260905-unknown
vol_252d_vs_sector,48,0.00035459556254687917,false,20260905-unknown
net_margin_z,49,0.0003431587097275839,false,20260905-unknown
vol_252d,50,0.00033783345609764766,false,20260905-unknown
beta_252d,51,0.00033419793524943557,false,20260905-unknown
ret_126d_z,52,0.00032207979157119256,false,20260905-unknown
price_to_ma_200,53,0.00032062904909661513,false,20260905-unknown
ret_63d_z,54,0.00031703128775298513,false,20260905-unknown
net_income_ttm,55,0.00031407378389943663,false,20260905-unknown
ret_126d,56,0.00030849838902532924,false,20260905-unknown
sharpe_63d_z,57,0.00028574050099839407,false,20260905-unknown
mom_12_1_decile,58,0.0002748616226809251,false,20260905-unknown
market_corr_252d,59,0.0002726679549209358,false,20260905-unknown
idio_vol_252d,60,0.00027166222492342265,false,20260905-unknown
earnings_yield,61,0.00025699833150533277,false,20260905-unknown
bollinger_pctb_20_decile,62,0.0002556852636444749,false,20260905-unknown
downside_dev_21d,63,0.00024261272460083272,false,20260905-unknown
beta_252d_z,64,0.00024211586085352035,false,20260905-unknown
vol_21d,65,0.00022025438177445994,false,20260905-unknown
accruals,66,0.00021215868629840114,false,20260905-unknown
idio_vol_252d_vs_sector,67,0.00020592685959331435,false,20260905-unknown
turnover_21d_z,68,0.00019563583714467925,false,20260905-unknown
ret_63d_vs_sector,69,0.00018868101283915433,false,20260905-unknown
volume_zscore_21d,70,0.00018705257855528912,false,20260905-unknown
macd_hist_vs_sector,71,0.00018232569373316737,false,20260905-unknown
accruals_z,72,0.00017534232339806916,false,20260905-unknown
price_to_book,73,0.00017395351132071612,false,20260905-unknown
shares_change_growth_yoy,74,0.00017253646111413994,false,20260905-unknown
ev_to_ebitda,75,0.00017018995931611424,false,20260905-unknown
debt_to_equity_vs_sector,76,0.00016812349299985218,false,20260905-unknown
adv_21d_vs_sector,77,0.00016704004176703148,false,20260905-unknown
rsi_14,78,0.00016638802162798421,false,20260905-unknown
ret_21d_vs_sector,79,0.00016440648421954036,false,20260905-unknown
earnings_yield_z,80,0.00016415326554058323,false,20260905-unknown
ret_126d_vs_sector,81,0.00016250446466381527,false,20260905-unknown
max_drawdown_252d_vs_sector,82,0.0001582437818983052,false,20260905-unknown
adj_volume,83,0.00015687746728582232,false,20260905-unknown
max_drawdown_252d_decile,84,0.0001524247034073733,false,20260905-unknown
vol_252d_z,85,0.0001510542517158449,false,20260905-unknown
fcf_yield,86,0.00013007175251058032,false,20260905-unknown
ev_to_ebitda_vs_sector,87,0.00012808656086137863,false,20260905-unknown
price_to_sales_vs_sector,88,0.00011915078396327377,false,20260905-unknown
cash_and_equivalents,89,0.00011440616706009628,false,20260905-unknown
accruals_decile,90,0.00011292644832040693,false,20260905-unknown
current_ratio,91,0.0001123952524542348,false,20260905-unknown
price_to_sales,92,0.00011231288367596459,false,20260905-unknown
turnover_21d_vs_sector,93,0.00010812764253924881,false,20260905-unknown
earnings_yield_vs_sector,94,0.00010763819485598923,false,20260905-unknown
macd_hist,95,0.00010555857225416487,false,20260905-unknown
net_margin,96,0.00010524618818502744,false,20260905-unknown
price_to_ma_50_vs_sector,97,0.00010473852641867418,false,20260905-unknown
long_term_debt,98,0.00010380772819815803,false,20260905-unknown
price_to_earnings,99,0.00010271352571522387,false,20260905-unknown
roa,100,0.00010186791385448772,false,20260905-unknown
vol_252d_decile,101,0.00010170203400051749,false,20260905-unknown
operating_cash_flow_ttm,102,0.00010121248930258107,false,20260905-unknown
beta_252d_vs_sector,103,0.00010013848996419191,false,20260905-unknown
fcf_yield_decile,104,9.831663998903763e-05,false,20260905-unknown
net_income_growth_yoy,105,9.762909839604202e-05,false,20260905-unknown
debt_to_equity_z,106,9.65042649555315e-05,false,20260905-unknown
price_to_book_z,107,9.606376575093582e-05,false,20260905-unknown
gross_margin,108,9.499820153360177e-05,false,20260905-unknown
obv_flow_21d,109,9.245635846396664e-05,false,20260905-unknown
revenue_growth_yoy,110,9.156303796397652e-05,false,20260905-unknown
turnover_21d,111,9.117237124090148e-05,false,20260905-unknown
eps_basic,112,8.69833527902292e-05,false,20260905-unknown
fcf_yield_vs_sector,113,8.561370064516617e-05,false,20260905-unknown
asset_turnover_z,114,8.512511209931184e-05,false,20260905-unknown
market_cap_vs_sector,115,8.346583250615081e-05,false,20260905-unknown
turnover_21d_decile,116,7.82309875285075e-05,false,20260905-unknown
roe_vs_sector,117,7.736865151615715e-05,false,20260905-unknown
asset_turnover_decile,118,7.6491416588644e-05,false,20260905-unknown
price_to_ma_50_decile,119,7.623325362427588e-05,false,20260905-unknown
net_margin_vs_sector,120,7.489397539826384e-05,false,20260905-unknown
idio_vol_252d_decile,121,7.334543562064829e-05,false,20260905-unknown
sharpe_21d,122,7.311208271791565e-05,false,20260905-unknown
revenue_growth_qoq,123,6.99722971838997e-05,false,20260905-unknown
gross_margin_z,124,6.963812584541316e-05,false,20260905-unknown
idio_vol_252d_z,125,6.526713852922768e-05,false,20260905-unknown
revenue_growth_yoy_vs_sector,126,6.456374296297437e-05,false,20260905-unknown
dist_from_52w_high_decile,127,6.353837716151255e-05,false,20260905-unknown
price_to_sales_z,128,6.290820335316733e-05,false,20260905-unknown
revenue_growth_yoy_z,129,6.176830366280198e-05,false,20260905-unknown
ocf_growth_yoy,130,5.788599934708107e-05,false,20260905-unknown
asset_turnover_vs_sector,131,5.7104819344720334e-05,false,20260905-unknown
has_fundamentals,132,5.553850044551626e-05,false,20260905-unknown
accruals_vs_sector,133,5.530730660496233e-05,false,20260905-unknown
sharpe_63d_decile,134,5.150202718386266e-05,false,20260905-unknown
revenue_ttm,135,4.966170192136116e-05,false,20260905-unknown
ret_126d_decile,136,4.89875675012985e-05,false,20260905-unknown
vol_21d_z,137,4.8411217740914235e-05,false,20260905-unknown
ocf_to_net_income,138,4.7623690170422225e-05,false,20260905-unknown
roic_vs_sector,139,4.588044223727277e-05,false,20260905-unknown
shares_change_growth_yoy_z,140,4.159977813502259e-05,false,20260905-unknown
capex_to_revenue,141,3.91466578910992e-05,false,20260905-unknown
bollinger_pctb_20_vs_sector,142,3.823743895888457e-05,false,20260905-unknown
eps_diluted,143,3.777278158430296e-05,false,20260905-unknown
rsi_14_vs_sector,144,3.7538148969073295e-05,false,20260905-unknown
sharpe_63d_vs_sector,145,3.701648934523401e-05,false,20260905-unknown
ret_21d_z,146,3.6892476518747365e-05,false,20260905-unknown
ret_21d_decile,147,3.613804810274787e-05,false,20260905-unknown
vol_21d_vs_sector,148,3.5953388263188804e-05,false,20260905-unknown
interest_coverage,149,3.526517988325132e-05,false,20260905-unknown
roic_decile,150,3.40353172203917e-05,false,20260905-unknown
ret_63d_decile,151,3.16322569459655e-05,false,20260905-unknown
eps_growth_qoq,152,3.083364506456882e-05,false,20260905-unknown
net_debt_to_ebitda_vs_sector,153,2.757618364300093e-05,false,20260905-unknown
asset_turnover,154,2.6237642909388676e-05,false,20260905-unknown
eps_growth_yoy_vs_sector,155,2.481381723530605e-05,false,20260905-unknown
free_cash_flow_ttm,156,2.3105738244828672e-05,false,20260905-unknown
eps_growth_yoy,157,2.3073584813441103e-05,false,20260905-unknown
roic_z,158,2.2891447014117492e-05,false,20260905-unknown
ev_to_ebitda_z,159,2.158835221311531e-05,false,20260905-unknown
debt_to_market_cap,160,2.149345830834991e-05,false,20260905-unknown
rsi_14_z,161,2.115650132798091e-05,false,20260905-unknown
operating_margin,162,2.0304628873022312e-05,false,20260905-unknown
beta_252d_decile,163,2.0297032275077663e-05,false,20260905-unknown
eps_growth_yoy_z,164,1.906591964892496e-05,false,20260905-unknown
net_debt_to_ebitda_z,165,1.7025528467521765e-05,false,20260905-unknown
ev_to_ebitda_decile,166,1.6197710743070176e-05,false,20260905-unknown
roe_decile,167,1.5181658293447462e-05,false,20260905-unknown
earnings_yield_decile,168,1.5113571967666713e-05,false,20260905-unknown
revenue_growth_yoy_decile,169,1.2626178471374192e-05,false,20260905-unknown
price_to_book_decile,170,1.0664785343742842e-05,false,20260905-unknown
net_margin_decile,171,0.0,false,20260905-unknown
net_debt_to_ebitda,172,0.0,false,20260905-unknown
price_to_book_vs_sector,173,0.0,false,20260905-unknown
rsi_14_decile,174,0.0,false,20260905-unknown
is_month_end,175,0.0,false,20260905-unknown
gross_margin_decile,176,0.0,false,20260905-unknown
roe_z,177,0.0,false,20260905-unknown
roe,178,0.0,false,20260905-unknown
is_quarter_end,179,0.0,false,20260905-unknown
fcf_yield_z,180,0.0,false,20260905-unknown
net_debt_to_ebitda_decile,181,0.0,false,20260905-unknown
price_to_sales_decile,182,0.0,false,20260905-unknown
gross_margin_vs_sector,183,0.0,false,20260905-unknown
day_of_week,184,0.0,false,20260905-unknown
debt_to_equity,185,0.0,false,20260905-unknown
debt_to_equity_decile,186,0.0,false,20260905-unknown
eps_ttm,187,0.0,false,20260905-unknown
shares_change_growth_yoy_decile,188,0.0,false,20260905-unknown
shares_change_growth_yoy_vs_sector,189,0.0,false,20260905-unknown
eps_growth_yoy_decile,190,0.0,false,20260905-unknown
gap_overnight,191,0.0,false,20260905-unknown
vol_21d_decile,192,0.0,false,20260905-unknown
roic,193,0.0,false,20260905-unknown
